{"schemaVersion":"1.0","appDefinitionTemplate":{"id":"/providers/Microsoft.PowerApps/apps/","type":"Microsoft.PowerApps/apps","tags":{"primaryDeviceWidth":"640","primaryDeviceHeight":"1136","supportsPortrait":"true","supportsLandscape":"true","primaryFormFactor":"Phone","showStatusBar":"false","publisherVersion":"3.24084.21","minimumRequiredApiVersion":"2.2.0","hasComponent":"false","hasUnlockedComponent":"false","isUnifiedRootApp":"false","sienaVersion":"20240911T154331Z-3.24084.21.0"},"properties":{"appVersion":"2024-09-11T15:43:31Z","lifeCycleId":"Published","createdByClientVersion":{"major":3,"minor":24084,"build":21,"revision":0,"majorRevision":0,"minorRevision":0},"minClientVersion":{"major":3,"minor":24084,"build":21,"revision":0,"majorRevision":0,"minorRevision":0},"backgroundColor":"rgba(152, 208, 70, 1)","backgroundImageUri":"/9998832996471454018/N2f38cbc7-28d4-423b-aa1f-452f4bbb4473-logoSmallFile","displayName":"Task App","description":"","commitMessage":"","appUris":{"documentUri":{"value":"/9998832996471454018/N52ffa58a-7574-4e02-a535-d03793d79198-document.msapp"},"imageUris":[],"additionalUris":[{"isSolutionAware":false,"value":"/9998832996471454018/N438e82f5-4bff-4a63-996d-821b99c763d4-identity.json"}]},"createdTime":"0001-01-01T00:00:00Z","lastModifiedTime":"0001-01-01T00:00:00Z","sharedGroupsCount":0,"sharedUsersCount":0,"connectionReferences":{"eec0c77f-2aa7-4d60-afcc-290a46dc1fc6":{"id":"0b8569f4-82d3-44d6-8bf6-3578e13d4de2","displayName":"Excel","iconUri":"https://connectoricons-prod.azureedge.net/releases/v1.0.1702/1.0.1702.3810/excel/icon.png","dataSources":["Students","Tasks"],"dependencies":["8f8846b8-e4ee-4e36-8ef2-5942f5e5a776"],"dependents":[],"parameterHints":{"8f8846b8-e4ee-4e36-8ef2-5942f5e5a776":{"value":"fileSource"}},"parameterHintsV2":{"fileSource":{"value":"8f8846b8-e4ee-4e36-8ef2-5942f5e5a776"}},"isOnPremiseConnection":false,"bypassConsent":false,"dataSets":{"b!1lu5nQLlR0K4J2PoWyQ36MrVZDE_11VElSRqfZrY5sTJzEedDVXjQLYnKhwbfW_f.01VCTLGEGDAAEYANDHBFC2ECVDSB7C5TW2":{"dataSources":{"Students":{"tableName":"Students"},"Tasks":{"tableName":"Tasks"}}}},"apiTier":"Standard","isCustomApiConnection":false,"actions":["providers/PowerPlatform.Governance/Operations/Read","providers/PowerPlatform.Governance/Operations/Write","providers/PowerPlatform.Governance/Operations/Delete"]},"8f8846b8-e4ee-4e36-8ef2-5942f5e5a776":{"id":"89f603de-e55c-420e-97a1-8402c5b387b3","displayName":"OneDrive for Business","iconUri":"https://connectoricons-prod.azureedge.net/releases/v1.0.1689/1.0.1689.3722/onedriveforbusiness/icon.png","dataSources":[],"dependencies":[],"dependents":["eec0c77f-2aa7-4d60-afcc-290a46dc1fc6"],"parameterHints":{},"parameterHintsV2":{},"isOnPremiseConnection":false,"bypassConsent":false,"dataSets":{},"apiTier":"Standard","isCustomApiConnection":false}},"databaseReferences":{},"almMode":"Environment","performanceOptimizationEnabled":true,"canConsumeAppPass":true,"enableModernRuntimeMode":false,"executionRestrictions":{"isTeamsOnly":false,"dataLossPreventionEvaluationResult":{"status":"Compliant","lastEvaluationDate":"2024-09-10T19:58:28.5834544Z","violations":[],"violationsByPolicy":[],"violationErrorMessage":"The app uses the following connectors: shared_excel, shared_onedriveforbusiness."}}},"appType":"ClassicCanvasApp","appComponents":[]}}